t,ECG 1,ECG 2,ECG 3,ECG 4
1970-01-01 00:00:00,1.0,1.0,1.0,1.0
1970-01-01 00:00:01,0.6454699,-0.022726146,-0.30907483,0.044056006
1970-01-01 00:00:02,0.59547777,0.006896529,-0.24379342,-0.014618105
1970-01-01 00:00:03,0.58833603,0.029113535,-0.17851201,-0.087960743
1970-01-01 00:00:04,0.57405256,-0.022726146,-0.11323061,-0.04395516
1970-01-01 00:00:05,0.53834389,-0.037537483,-0.13934317,-0.029286632
1970-01-01 00:00:06,0.52406043,-0.030131814,-0.1915683,-0.073292216
1970-01-01 00:00:07,0.48121002,0.006896529,-0.23073714,-0.1172978
1970-01-01 00:00:08,0.51691869,-0.030131814,-0.1915683,-0.1172978
1970-01-01 00:00:09,0.47406829,-0.037537483,-0.17851201,-0.17597191
1970-01-01 00:00:10,0.47406829,-0.022726146,-0.21768086,-0.19064044
1970-01-01 00:00:11,0.48121002,-0.037537483,-0.25684971,-0.13196633
1970-01-01 00:00:12,0.45978482,-0.015320477,-0.21768086,-0.14663485
1970-01-01 00:00:13,0.47406829,-0.074565826,-0.12628689,-0.17597191
1970-01-01 00:00:14,0.45264309,-0.044943152,-0.087118041,-0.17597191
1970-01-01 00:00:15,0.46692656,-0.05234882,-0.11323061,-0.13196633
1970-01-01 00:00:16,0.45978482,-0.081971495,-0.087118041,-0.14663485
1970-01-01 00:00:17,0.47406829,-0.081971495,-0.12628689,-0.1172978
1970-01-01 00:00:18,0.49549349,-0.059754489,-0.11323061,-0.1172978
1970-01-01 00:00:19,0.49549349,-0.059754489,-0.13934317,-0.13196633
1970-01-01 00:00:20,0.47406829,-0.074565826,-0.16545573,-0.17597191
1970-01-01 00:00:21,0.48835176,-0.1041885,-0.20462458,-0.19064044
1970-01-01 00:00:22,0.48121002,-0.089377164,-0.1915683,-0.20530896
1970-01-01 00:00:23,0.50263523,-0.089377164,-0.20462458,-0.13196633
1970-01-01 00:00:24,0.50263523,-0.089377164,-0.17851201,-0.26398308
1970-01-01 00:00:25,0.48121002,-0.081971495,-0.16545573,-0.26398308
1970-01-01 00:00:26,0.48121002,-0.089377164,-0.17851201,-0.24931455
1970-01-01 00:00:27,0.48121002,-0.089377164,-0.15239945,-0.24931455
1970-01-01 00:00:28,0.46692656,-0.089377164,-0.074061759,-0.21997749
1970-01-01 00:00:29,0.47406829,-0.096782832,-0.061005477,-0.20530896
1970-01-01 00:00:30,0.48121002,-0.074565826,0.043444778,-0.20530896
1970-01-01 00:00:31,0.47406829,-0.074565826,0.043444778,-0.2786516
1970-01-01 00:00:32,0.45978482,-0.081971495,-0.0087803496,-0.26398308
1970-01-01 00:00:33,0.48121002,-0.11159417,-0.1915683,-0.2786516
1970-01-01 00:00:34,0.48121002,-0.089377164,-0.28296227,-0.2786516
1970-01-01 00:00:35,0.46692656,-0.089377164,-0.16545573,-0.30798866
1970-01-01 00:00:36,0.45978482,-0.11899984,-0.10017432,-0.35199424
1970-01-01 00:00:37,0.49549349,-0.067160158,-0.074061759,-0.41066835
1970-01-01 00:00:38,0.47406829,-0.067160158,-0.047949195,-0.3813313
1970-01-01 00:00:39,0.47406829,-0.096782832,0.05650106,-0.35199424
1970-01-01 00:00:40,0.48121002,-0.096782832,0.069557342,-0.36666277
1970-01-01 00:00:41,0.46692656,-0.081971495,0.13483875,-0.36666277
1970-01-01 00:00:42,0.43835962,-0.074565826,0.20012016,-0.42533688
1970-01-01 00:00:43,0.44550136,-0.11159417,0.23928901,-0.39599983
1970-01-01 00:00:44,0.43835962,-0.1041885,0.29151413,-0.35199424
1970-01-01 00:00:45,0.41693442,-0.044943152,0.38290811,-0.29332013
1970-01-01 00:00:46,0.39550922,-0.1041885,0.44818952,-0.33732571
1970-01-01 00:00:47,0.40265095,-0.081971495,0.52652721,-0.35199424
1970-01-01 00:00:48,0.39550922,-0.05234882,0.44818952,-0.44000541
1970-01-01 00:00:49,0.38122575,-0.059754489,0.30457042,-0.36666277
1970-01-01 00:00:50,0.40979269,-0.067160158,0.082613624,-0.35199424
1970-01-01 00:00:51,0.38122575,-0.059754489,0.0042759323,-0.30798866
1970-01-01 00:00:52,0.40265095,-0.044943152,0.030388496,-0.33732571
1970-01-01 00:00:53,0.38122575,-0.00050913972,0.069557342,-0.3813313
1970-01-01 00:00:54,0.37408402,0.014302198,0.05650106,-0.39599983
1970-01-01 00:00:55,0.34551708,0.036519204,0.043444778,-0.32265719
1970-01-01 00:00:56,0.36694228,0.051330541,0.030388496,-0.32265719
1970-01-01 00:00:57,0.33123361,0.080953216,0.095669906,-0.23464602
1970-01-01 00:00:58,0.35980055,0.088358884,0.10872619,-0.26398308
1970-01-01 00:00:59,0.36694228,0.11798156,0.05650106,-0.32265719
1970-01-01 00:01:00,0.38122575,0.12538723,0.043444778,-0.2786516
1970-01-01 00:01:01,0.37408402,0.095764553,-0.061005477,-0.17597191
1970-01-01 00:01:02,0.34551708,0.10317022,-0.25684971,-0.14663485
1970-01-01 00:01:03,0.35265882,0.080953216,-0.40046881,-0.13196633
1970-01-01 00:01:04,0.31695015,0.080953216,-0.41352509,-0.17597191
1970-01-01 00:01:05,0.35265882,0.021707866,-0.41352509,-0.10262927
1970-01-01 00:01:06,0.32409188,-0.030131814,-0.37435624,0.014718951
1970-01-01 00:01:07,0.32409188,-0.044943152,-0.36129996,0.11739864
1970-01-01 00:01:08,0.34551708,-0.022726146,-0.30907483,0.058724534
1970-01-01 00:01:09,0.35265882,-0.089377164,-0.25684971,0.058724534
1970-01-01 00:01:10,0.34551708,-0.081971495,-0.23073714,0.10273012
1970-01-01 00:01:11,0.33837535,-0.081971495,-0.21768086,0.073393062
1970-01-01 00:01:12,0.31695015,-0.074565826,-0.20462458,0.13206717
1970-01-01 00:01:13,0.30980841,-0.11159417,-0.20462458,0.17607276
1970-01-01 00:01:14,0.33837535,-0.11159417,-0.29601855,0.26408392
1970-01-01 00:01:15,0.30980841,-0.096782832,-0.37435624,0.27875245
1970-01-01 00:01:16,0.29552495,-0.1041885,-0.30907483,0.26408392
1970-01-01 00:01:17,0.28124148,-0.1041885,-0.21768086,0.30808951
1970-01-01 00:01:18,0.30980841,-0.096782832,-0.26990599,0.32275803
1970-01-01 00:01:19,0.30980841,-0.074565826,-0.26990599,0.38143214
1970-01-01 00:01:20,0.28838321,-0.081971495,-0.21768086,0.38143214
1970-01-01 00:01:21,0.30266668,-0.081971495,-0.17851201,0.32275803
1970-01-01 00:01:22,0.33123361,-0.067160158,-0.20462458,0.29342098
1970-01-01 00:01:23,0.30980841,-0.081971495,-0.12628689,0.32275803
1970-01-01 00:01:24,0.28838321,-0.096782832,-0.12628689,0.29342098
1970-01-01 00:01:25,0.30266668,-0.089377164,-0.15239945,0.20540981
1970-01-01 00:01:26,0.28124148,-0.11899984,-0.21768086,0.17607276
1970-01-01 00:01:27,0.28838321,-0.089377164,-0.21768086,0.17607276
1970-01-01 00:01:28,0.28838321,-0.096782832,-0.21768086,0.1467357
1970-01-01 00:01:29,0.30980841,-0.089377164,-0.21768086,0.1467357
1970-01-01 00:01:30,0.32409188,-0.096782832,-0.087118041,0.23474687
1970-01-01 00:01:31,0.34551708,-0.1041885,-0.0087803496,0.24941539
1970-01-01 00:01:32,0.33837535,-0.096782832,0.14789503,0.23474687
1970-01-01 00:01:33,0.35980055,-0.096782832,0.43513324,0.17607276
1970-01-01 00:01:34,0.40265095,-0.074565826,0.83987798,0.20540981
1970-01-01 00:01:35,0.39550922,-0.059754489,1.2837916,0.20540981
1970-01-01 00:01:36,0.45978482,-0.081971495,1.7538177,0.24941539
1970-01-01 00:01:37,0.41693442,-0.089377164,2.1585625,0.24941539
1970-01-01 00:01:38,0.41693442,-0.089377164,2.4719132,0.17607276
1970-01-01 00:01:39,0.39550922,-0.059754489,2.6285886,0.16140423
1970-01-01 00:01:40,0.40265095,-0.067160158,2.69387,0.20540981
1970-01-01 00:01:41,0.36694228,-0.044943152,2.6416449,0.20540981
1970-01-01 00:01:42,0.37408402,-0.044943152,2.5633072,0.19074128
1970-01-01 00:01:43,0.30980841,-0.1041885,2.3152378,0.22007834
1970-01-01 00:01:44,0.27409974,-0.096782832,2.2369001,0.22007834
1970-01-01 00:01:45,0.24553281,-0.089377164,2.1716187,0.19074128
1970-01-01 00:01:46,0.26695801,-0.13381118,2.1977313,0.19074128
1970-01-01 00:01:47,0.27409974,-0.17083952,2.2891253,0.20540981
1970-01-01 00:01:48,0.25267454,-0.11159417,2.3282941,0.22007834
1970-01-01 00:01:49,0.23839107,0.029113535,2.2499564,0.23474687
1970-01-01 00:01:50,0.25267454,0.073547547,2.0802248,0.23474687
1970-01-01 00:01:51,0.25267454,-0.13381118,1.8843805,0.20540981
1970-01-01 00:01:52,0.23124934,-0.82253836,1.8321554,0.23474687
1970-01-01 00:01:53,0.23124934,-1.770464,2.1063373,0.22007834
1970-01-01 00:01:54,0.25267454,-2.7183895,2.4066318,0.23474687
1970-01-01 00:01:55,0.25981628,-3.5182018,2.5633072,0.23474687
1970-01-01 00:01:56,0.25267454,-3.8588625,2.3544067,0.22007834
1970-01-01 00:01:57,0.24553281,-4.0440042,1.7799303,0.23474687
1970-01-01 00:01:58,0.25981628,-4.1402779,0.94432823,0.26408392
1970-01-01 00:01:59,0.23839107,-4.1773063,0.27845785,0.24941539
1970-01-01 00:02:00,0.25267454,-4.2217403,-0.087118041,0.23474687
1970-01-01 00:02:01,0.22410761,-4.2143346,-0.087118041,0.22007834
1970-01-01 00:02:02,0.24553281,-4.0736269,-0.12628689,0.22007834
1970-01-01 00:02:03,0.22410761,-3.9107022,-0.1915683,0.20540981
1970-01-01 00:02:04,0.20982414,-3.6737208,-0.3351874,0.23474687
1970-01-01 00:02:05,0.23124934,-3.4515507,-0.42658137,0.29342098
1970-01-01 00:02:06,0.22410761,-3.3404657,-0.45269394,0.30808951
1970-01-01 00:02:07,0.20982414,-3.2738147,-0.42658137,0.26408392
1970-01-01 00:02:08,0.22410761,-3.044239,-0.42658137,0.26408392
1970-01-01 00:02:09,0.20982414,-2.6073045,-0.45269394,0.23474687
1970-01-01 00:02:10,0.22410761,-2.0222567,-0.45269394,0.26408392
1970-01-01 00:02:11,0.22410761,-1.5112655,-0.42658137,0.29342098
1970-01-01 00:02:12,0.22410761,-1.0965481,-0.49186278,0.27875245
1970-01-01 00:02:13,0.19554067,-0.84475537,-0.51797534,0.26408392
1970-01-01 00:02:14,0.20982414,-0.68183066,-0.43963765,0.27875245
1970-01-01 00:02:15,0.20982414,-0.47447193,-0.4788065,0.29342098
1970-01-01 00:02:16,0.23839107,-0.19305653,-0.45269394,0.26408392
1970-01-01 00:02:17,0.24553281,0.036519204,-0.41352509,0.27875245
1970-01-01 00:02:18,0.19554067,0.23647226,-0.34824368,0.29342098
1970-01-01 00:02:19,0.23839107,0.35496296,-0.40046881,0.26408392
1970-01-01 00:02:20,0.22410761,0.39939697,-0.43963765,0.32275803
1970-01-01 00:02:21,0.21696587,0.3919913,-0.53103163,0.4107692
1970-01-01 00:02:22,0.18839894,0.37717996,-0.63548188,0.42543773
1970-01-01 00:02:23,0.21696587,0.40680264,-0.58325675,0.42543773
1970-01-01 00:02:24,0.20268241,0.41420831,-0.42658137,0.42543773
1970-01-01 00:02:25,0.1812572,0.43642531,-0.37435624,0.51344889
1970-01-01 00:02:26,0.21696587,0.44383098,-0.49186278,0.55745448
1970-01-01 00:02:27,0.25981628,0.47345366,-0.51797534,0.61612859
1970-01-01 00:02:28,0.33837535,0.45864232,-0.53103163,0.61612859
1970-01-01 00:02:29,0.24553281,0.49567066,-0.51797534,0.66013417
1970-01-01 00:02:30,-0.19725469,0.510482,-0.42658137,0.70413975
1970-01-01 00:02:31,-0.98998714,0.52529334,-0.40046881,0.74814534
1970-01-01 00:02:32,-1.82557,0.532699,-0.4788065,0.79215092
1970-01-01 00:02:33,-2.5540268,0.56232168,-0.57020047,0.66013417
1970-01-01 00:02:34,-3.0610899,0.52529334,-0.59631304,0.6748027
1970-01-01 00:02:35,-3.3753262,0.52529334,-0.57020047,0.572123
1970-01-01 00:02:36,-3.6110035,0.54010467,-0.54408791,0.54278595
1970-01-01 00:02:37,-3.7109877,0.57713302,-0.54408791,0.52811742
1970-01-01 00:02:38,-3.7609799,0.56232168,-0.59631304,0.52811742
1970-01-01 00:02:39,-3.703846,0.56972735,-0.59631304,0.45477478
1970-01-01 00:02:40,-3.461027,0.58453869,-0.59631304,0.49878037
1970-01-01 00:02:41,-3.1824994,0.58453869,-0.64853816,0.45477478
1970-01-01 00:02:42,-2.8468379,0.59194435,-0.66159445,0.49878037
1970-01-01 00:02:43,-2.6325859,0.61416136,-0.64853816,0.48411184
1970-01-01 00:02:44,-2.4540426,0.64378403,-0.72687586,0.39610067
1970-01-01 00:02:45,-2.4040504,0.59935002,-0.68770701,0.36676362
1970-01-01 00:02:46,-2.282641,0.62156703,-0.72687586,0.29342098
1970-01-01 00:02:47,-2.0969559,0.64378403,-0.70076329,0.32275803
1970-01-01 00:02:48,-1.7612944,0.65859537,-0.70076329,0.26408392
1970-01-01 00:02:49,-1.3613573,0.67340671,-0.75298842,0.16140423
1970-01-01 00:02:50,-0.98284541,0.68821805,-0.73993214,0.17607276
1970-01-01 00:02:51,-0.64718392,0.66600104,-0.75298842,0.1467357
1970-01-01 00:02:52,-0.4115067,0.68821805,-0.71381957,0.1467357
1970-01-01 00:02:53,-0.19725469,0.71784072,-0.80521355,0.13206717
1970-01-01 00:02:54,-0.025853076,0.75486907,-0.89660752,0.19074128
1970-01-01 00:02:55,0.17411547,0.76227473,-0.93577637,0.16140423
1970-01-01 00:02:56,0.36694228,0.7696804,-0.83132611,0.20540981
1970-01-01 00:02:57,0.52406043,0.79189741,-0.75298842,0.19074128
1970-01-01 00:02:58,0.61690297,0.81411441,-0.68770701,0.16140423
1970-01-01 00:02:59,0.6454699,0.83633142,-0.70076329,0.19074128
1970-01-01 00:03:00,0.63832817,0.8659541,-0.85743867,0.22007834
1970-01-01 00:03:01,0.63832817,0.85114276,-1.0141141,0.17607276
1970-01-01 00:03:02,0.6240447,0.87335976,-1.0271703,0.20540981
1970-01-01 00:03:03,0.6668951,0.87335976,-0.96188893,0.22007834
1970-01-01 00:03:04,0.6668951,0.93260511,-0.89660752,0.19074128
1970-01-01 00:03:05,0.6668951,0.96222779,-0.83132611,0.17607276
1970-01-01 00:03:06,0.65261164,0.96963346,-0.79215727,0.19074128
1970-01-01 00:03:07,0.6668951,0.98444479,-0.88355124,0.20540981
1970-01-01 00:03:08,0.69546204,1.0288788,-0.87049496,0.17607276
1970-01-01 00:03:09,0.6668951,1.0362845,-0.83132611,0.16140423
1970-01-01 00:03:10,0.71688724,1.0659071,-0.79215727,0.1467357
1970-01-01 00:03:11,0.71688724,1.0955298,-0.79215727,0.23474687
1970-01-01 00:03:12,0.71688724,1.1399638,-0.72687586,0.32275803
1970-01-01 00:03:13,0.73117071,1.1769922,-0.64853816,0.33742656
1970-01-01 00:03:14,0.71688724,1.1621808,-0.57020047,0.4107692
1970-01-01 00:03:15,0.75973764,1.1843978,-0.50491906,0.61612859
1970-01-01 00:03:16,0.75259591,1.1918035,-0.41352509,0.86549356
1970-01-01 00:03:17,0.75259591,1.2140205,-0.40046881,1.349555
1970-01-01 00:03:18,0.78116284,1.2510489,-0.40046881,1.8189479
1970-01-01 00:03:19,0.74545418,1.2806715,-0.37435624,2.1856611
1970-01-01 00:03:20,0.78830458,1.2880772,-0.29601855,2.5083687
1970-01-01 00:03:21,0.78830458,1.3325112,-0.21768086,2.7430651
1970-01-01 00:03:22,0.81687151,1.3176999,-0.21768086,2.8310763
1970-01-01 00:03:23,0.78116284,1.3251056,-0.15239945,2.8604133
1970-01-01 00:03:24,0.80972978,1.3547282,-0.15239945,2.8164077
1970-01-01 00:03:25,0.82401325,1.3843509,-0.0087803496,2.6257169
1970-01-01 00:03:26,0.85972192,1.4065679,0.069557342,2.4790316
1970-01-01 00:03:27,0.84543845,1.4213792,0.082613624,2.4937001
1970-01-01 00:03:28,0.85972192,1.4213792,0.12178247,2.5083687
1970-01-01 00:03:29,0.85258018,1.4065679,-0.0087803496,2.5817113
1970-01-01 00:03:30,0.83829672,1.4139736,-0.087118041,2.6990595
1970-01-01 00:03:31,0.89543059,1.3843509,0.0042759323,2.6697225
1970-01-01 00:03:32,0.92399752,1.3917566,0.043444778,2.5523742
1970-01-01 00:03:33,0.88828885,1.3473226,0.0042759323,2.405689
1970-01-01 00:03:34,0.89543059,1.3176999,-0.034892913,2.3763519
1970-01-01 00:03:35,0.90971405,1.2954829,0.0042759323,2.5523742
1970-01-01 00:03:36,0.93828099,1.2584545,0.043444778,2.7724022
1970-01-01 00:03:37,0.92399752,1.2140205,-0.0087803496,2.8017392
1970-01-01 00:03:38,0.96684792,1.1399638,-0.13934317,2.4937001
1970-01-01 00:03:39,0.98113139,1.0807185,-0.21768086,1.8482849
1970-01-01 00:03:40,0.99541486,1.0214731,-0.11323061,1.1735326
1970-01-01 00:03:41,1.0239818,0.96222779,-0.12628689,0.63079711
1970-01-01 00:03:42,1.0025566,0.87335976,-0.074061759,0.29342098
1970-01-01 00:03:43,1.0382653,0.77708607,-0.074061759,0.19074128
1970-01-01 00:03:44,1.0596905,0.7474634,-0.10017432,0.20540981
1970-01-01 00:03:45,1.0525487,0.66600104,-0.10017432,0.1467357
1970-01-01 00:03:46,1.0811157,0.58453869,-0.11323061,0.058724534
1970-01-01 00:03:47,1.1311078,0.51788767,-0.074061759,-0.014618105
1970-01-01 00:03:48,1.1382495,0.43642531,-0.087118041,-0.058623688
1970-01-01 00:03:49,1.1239661,0.3919913,-0.034892913,-0.087960743
1970-01-01 00:03:50,1.1239661,0.31052894,-0.021836632,-0.073292216
1970-01-01 00:03:51,1.2025251,0.2735006,0.017332214,-0.10262927
1970-01-01 00:03:52,1.1882417,0.23647226,-0.061005477,-0.058623688
1970-01-01 00:03:53,1.1810999,0.16982124,-0.061005477,-0.058623688
1970-01-01 00:03:54,1.2096669,0.11798156,-0.087118041,-0.13196633
1970-01-01 00:03:55,1.2310921,0.1550099,-0.11323061,-0.13196633
1970-01-01 00:03:56,1.2525173,0.11798156,-0.13934317,-0.1172978
1970-01-01 00:03:57,1.2453755,0.088358884,-0.1915683,-0.13196633
1970-01-01 00:03:58,1.2882259,0.073547547,-0.21768086,-0.14663485
1970-01-01 00:03:59,1.3025094,0.029113535,-0.15239945,-0.17597191
1970-01-01 00:04:00,1.3096511,0.043924872,-0.12628689,-0.14663485
1970-01-01 00:04:01,1.2953677,0.036519204,-0.087118041,-0.13196633
1970-01-01 00:04:02,1.3239346,0.014302198,-0.074061759,-0.13196633
1970-01-01 00:04:03,1.3239346,0.006896529,-0.021836632,-0.1172978
1970-01-01 00:04:04,1.366785,0.029113535,0.030388496,-0.17597191
1970-01-01 00:04:05,1.3596433,0.006896529,0.05650106,-0.17597191
1970-01-01 00:04:06,1.3525015,0.006896529,0.05650106,-0.16130338
1970-01-01 00:04:07,1.3453598,0.014302198,-0.047949195,-0.17597191
1970-01-01 00:04:08,1.3453598,0.029113535,-0.10017432,-0.20530896
1970-01-01 00:04:09,1.3525015,0.006896529,-0.17851201,-0.17597191
1970-01-01 00:04:10,1.3382181,0.029113535,-0.20462458,-0.23464602
1970-01-01 00:04:11,1.3025094,0.021707866,-0.1915683,-0.21997749
1970-01-01 00:04:12,1.2739425,0.066141878,-0.13934317,-0.17597191
1970-01-01 00:04:13,1.259659,0.066141878,-0.087118041,-0.23464602
1970-01-01 00:04:14,1.1953834,0.080953216,-0.10017432,-0.24931455
1970-01-01 00:04:15,1.1739582,0.043924872,-0.061005477,-0.23464602
1970-01-01 00:04:16,1.1453913,0.05873621,-0.047949195,-0.29332013
1970-01-01 00:04:17,1.1025409,0.066141878,0.017332214,-0.30798866
1970-01-01 00:04:18,1.0525487,0.05873621,-0.0087803496,-0.29332013
1970-01-01 00:04:19,1.0311235,0.066141878,0.0042759323,-0.29332013
1970-01-01 00:04:20,0.99541486,0.073547547,-0.047949195,-0.36666277
1970-01-01 00:04:21,0.93828099,0.073547547,-0.074061759,-0.33732571
1970-01-01 00:04:22,0.84543845,0.066141878,-0.074061759,-0.39599983
1970-01-01 00:04:23,0.83829672,0.051330541,-0.074061759,-0.39599983
1970-01-01 00:04:24,0.73831244,0.10317022,-0.074061759,-0.39599983
1970-01-01 00:04:25,0.71688724,0.051330541,-0.047949195,-0.36666277
1970-01-01 00:04:26,0.65261164,0.043924872,-0.061005477,-0.36666277
1970-01-01 00:04:27,0.6240447,0.05873621,-0.0087803496,-0.44000541
1970-01-01 00:04:28,0.56691083,0.080953216,-0.0087803496,-0.45467394
1970-01-01 00:04:29,0.51691869,0.066141878,0.069557342,-0.44000541
1970-01-01 00:04:30,0.49549349,0.043924872,0.095669906,-0.45467394
1970-01-01 00:04:31,0.45264309,-0.00050913972,0.13483875,-0.3813313
1970-01-01 00:04:32,0.43121789,0.014302198,0.21317644,-0.42533688
1970-01-01 00:04:33,0.38836748,0.029113535,0.30457042,-0.44000541
1970-01-01 00:04:34,0.39550922,-0.0079148084,0.36985183,-0.44000541
1970-01-01 00:04:35,0.33123361,0.021707866,0.35679554,-0.44000541
1970-01-01 00:04:36,0.33837535,0.006896529,0.27845785,-0.46934246
1970-01-01 00:04:37,0.34551708,-0.0079148084,0.27845785,-0.48401099
1970-01-01 00:04:38,0.28838321,-0.00050913972,0.3176267,-0.48401099
1970-01-01 00:04:39,0.28838321,-0.044943152,0.39596439,-0.55735363
1970-01-01 00:04:40,0.28124148,-0.022726146,0.47430208,-0.52801657
1970-01-01 00:04:41,0.25981628,-0.00050913972,0.47430208,-0.52801657
1970-01-01 00:04:42,0.30266668,-0.030131814,0.53958349,-0.48401099
1970-01-01 00:04:43,0.27409974,-0.022726146,0.55263977,-0.52801657
1970-01-01 00:04:44,0.28124148,-0.05234882,0.4612458,-0.55735363
1970-01-01 00:04:45,0.25981628,-0.037537483,0.51347093,-0.55735363
1970-01-01 00:04:46,0.26695801,-0.05234882,0.48735836,-0.57202216
1970-01-01 00:04:47,0.28838321,-0.067160158,0.39596439,-0.49867952
1970-01-01 00:04:48,0.27409974,-0.059754489,0.14789503,-0.5426851
1970-01-01 00:04:49,0.25981628,-0.037537483,0.069557342,-0.48401099
1970-01-01 00:04:50,0.27409974,-0.089377164,-0.0087803496,-0.48401099
1970-01-01 00:04:51,0.26695801,-0.05234882,0.017332214,-0.44000541
1970-01-01 00:04:52,0.28838321,-0.05234882,0.082613624,-0.44000541
1970-01-01 00:04:53,0.26695801,-0.067160158,0.082613624,-0.39599983
1970-01-01 00:04:54,0.27409974,-0.05234882,-0.021836632,-0.35199424
1970-01-01 00:04:55,0.28124148,-0.067160158,0.0042759323,-0.32265719
1970-01-01 00:04:56,0.25981628,-0.05234882,0.05650106,-0.2786516
1970-01-01 00:04:57,0.26695801,-0.089377164,0.069557342,-0.26398308
1970-01-01 00:04:58,0.26695801,-0.05234882,0.017332214,-0.20530896
1970-01-01 00:04:59,0.27409974,-0.037537483,-0.061005477,-0.1172978
1970-01-01 00:05:00,0.28838321,-0.05234882,-0.11323061,-0.13196633
1970-01-01 00:05:01,0.26695801,-0.044943152,-0.17851201,-0.087960743
1970-01-01 00:05:02,0.23839107,-0.05234882,-0.21768086,-0.073292216
1970-01-01 00:05:03,0.28124148,-0.037537483,-0.21768086,0.014718951
1970-01-01 00:05:04,0.23839107,-0.05234882,-0.15239945,0.10273012
1970-01-01 00:05:05,0.25267454,-0.081971495,-0.13934317,0.10273012
1970-01-01 00:05:06,0.25267454,-0.044943152,-0.12628689,0.11739864
1970-01-01 00:05:07,0.24553281,-0.074565826,-0.11323061,0.11739864
1970-01-01 00:05:08,0.24553281,-0.059754489,-0.17851201,0.20540981
1970-01-01 00:05:09,0.22410761,-0.059754489,-0.20462458,0.22007834
1970-01-01 00:05:10,0.25267454,-0.05234882,-0.21768086,0.27875245
1970-01-01 00:05:11,0.23124934,-0.05234882,-0.20462458,0.27875245
1970-01-01 00:05:12,0.20268241,-0.05234882,-0.17851201,0.17607276
1970-01-01 00:05:13,0.20982414,-0.037537483,-0.15239945,0.13206717
1970-01-01 00:05:14,0.24553281,-0.037537483,-0.047949195,0.20540981
1970-01-01 00:05:15,0.1812572,-0.037537483,-0.047949195,0.23474687
1970-01-01 00:05:16,0.20268241,-0.0079148084,-0.061005477,0.20540981
1970-01-01 00:05:17,0.18839894,0.014302198,-0.061005477,0.17607276
1970-01-01 00:05:18,0.1812572,0.036519204,-0.11323061,0.088061589
1970-01-01 00:05:19,0.159832,0.05873621,-0.1915683,0.10273012
1970-01-01 00:05:20,0.1812572,0.095764553,-0.12628689,0.16140423
1970-01-01 00:05:21,0.159832,0.12538723,-0.11323061,0.16140423
1970-01-01 00:05:22,0.16697374,0.073547547,-0.15239945,0.11739864
1970-01-01 00:05:23,0.159832,0.10317022,-0.11323061,0.17607276
1970-01-01 00:05:24,0.15269027,0.10317022,-0.021836632,0.17607276
1970-01-01 00:05:25,0.14554854,0.095764553,0.05650106,0.19074128
1970-01-01 00:05:26,0.12412333,0.073547547,0.20012016,0.19074128
1970-01-01 00:05:27,0.10983987,0.036519204,0.50041465,0.16140423
1970-01-01 00:05:28,0.14554854,-0.00050913972,0.78765285,0.17607276
1970-01-01 00:05:29,0.10983987,-0.030131814,1.2054539,0.088061589
1970-01-01 00:05:30,0.12412333,-0.044943152,1.7407614,0.1467357
1970-01-01 00:05:31,0.1169816,-0.05234882,2.2630127,0.10273012
1970-01-01 00:05:32,0.10983987,-0.089377164,2.69387,0.088061589
1970-01-01 00:05:33,0.095556398,-0.081971495,3.0594459,0.16140423
1970-01-01 00:05:34,0.095556398,-0.074565826,3.3336278,0.11739864
1970-01-01 00:05:35,0.095556398,-0.11899984,3.3989092,0.11739864
1970-01-01 00:05:36,0.10269813,-0.11899984,3.2422339,0.11739864
1970-01-01 00:05:37,0.088414665,-0.11899984,3.0072208,0.10273012
1970-01-01 00:05:38,0.088414665,-0.12640551,2.785264,0.10273012
1970-01-01 00:05:39,0.074131197,-0.1041885,2.6808137,0.088061589
1970-01-01 00:05:40,0.081272931,-0.081971495,2.6677574,0.13206717
1970-01-01 00:05:41,0.059847729,-0.081971495,2.6285886,0.17607276
1970-01-01 00:05:42,0.038422528,-0.11899984,2.7069263,0.11739864
1970-01-01 00:05:43,0.059847729,-0.11159417,2.7069263,0.16140423
1970-01-01 00:05:44,0.045564262,-0.1041885,2.4980258,0.16140423
1970-01-01 00:05:45,0.059847729,-0.059754489,2.276069,0.17607276
1970-01-01 00:05:46,0.02413906,-0.081971495,2.276069,0.1467357
1970-01-01 00:05:47,0.038422528,-0.1041885,2.4588569,0.1467357
1970-01-01 00:05:48,0.02413906,-0.11159417,2.8897142,0.16140423
1970-01-01 00:05:49,0.0027138588,-0.15602818,3.0855585,0.17607276
1970-01-01 00:05:50,0.031280794,-0.11899984,2.9419394,0.19074128
1970-01-01 00:05:51,0.031280794,-0.1041885,2.3282941,0.16140423
1970-01-01 00:05:52,0.0098555927,-0.11899984,1.5579735,0.20540981
1970-01-01 00:05:53,0.016997326,-0.1041885,0.78765285,0.17607276
1970-01-01 00:05:54,0.031280794,-0.13381118,0.23928901,0.19074128
1970-01-01 00:05:55,0.0098555927,-0.11159417,0.030388496,0.23474687
1970-01-01 00:05:56,0.016997326,-0.12640551,0.0042759323,0.17607276
1970-01-01 00:05:57,0.038422528,-0.096782832,-0.0087803496,0.20540981
1970-01-01 00:05:58,0.045564262,-0.11159417,-0.16545573,0.22007834
1970-01-01 00:05:59,0.059847729,-0.13381118,-0.32213112,0.17607276
1970-01-01 00:06:00,0.038422528,-0.11899984,-0.43963765,0.20540981
1970-01-01 00:06:01,0.10269813,-0.11159417,-0.4788065,0.22007834
1970-01-01 00:06:02,0.1384068,-0.096782832,-0.41352509,0.24941539
1970-01-01 00:06:03,0.1169816,-0.074565826,-0.38741253,0.19074128
1970-01-01 00:06:04,0.1384068,-0.11159417,-0.32213112,0.20540981
1970-01-01 00:06:05,0.15269027,-0.096782832,-0.36129996,0.22007834
1970-01-01 00:06:06,0.13126507,-0.11159417,-0.38741253,0.23474687
1970-01-01 00:06:07,0.10983987,-0.1041885,-0.3351874,0.22007834
1970-01-01 00:06:08,0.10983987,-0.1041885,-0.37435624,0.26408392
1970-01-01 00:06:09,0.088414665,-0.12640551,-0.43963765,0.20540981
1970-01-01 00:06:10,0.052705996,-0.11899984,-0.4788065,0.24941539
1970-01-01 00:06:11,0.059847729,-0.14121684,-0.42658137,0.24941539
1970-01-01 00:06:12,-0.011569609,-0.074565826,-0.40046881,0.30808951
1970-01-01 00:06:13,-0.011569609,0.043924872,-0.42658137,0.35209509
1970-01-01 00:06:14,0.0027138588,-0.05234882,-0.41352509,0.38143214
1970-01-01 00:06:15,-0.011569609,-0.55593429,-0.45269394,0.39610067
1970-01-01 00:06:16,-0.03299481,-1.4298032,-0.38741253,0.42543773
1970-01-01 00:06:17,-0.004427875,-2.3777288,-0.32213112,0.45477478
1970-01-01 00:06:18,-0.040136544,-3.1923523,-0.24379342,0.51344889
1970-01-01 00:06:19,-0.054420012,-3.6737208,-0.20462458,0.46944331
1970-01-01 00:06:20,-0.082986947,-3.9107022,-0.21768086,0.52811742
1970-01-01 00:06:21,-0.068703479,-4.0440042,-0.37435624,0.55745448
1970-01-01 00:06:22,-0.03299481,-4.0884382,-0.53103163,0.64546564
1970-01-01 00:06:23,-0.047278278,-4.1180609,-0.58325675,0.63079711
1970-01-01 00:06:24,-0.054420012,-4.0810326,-0.55714419,0.66013417
1970-01-01 00:06:25,-0.025853076,-4.0217872,-0.53103163,0.58679153
1970-01-01 00:06:26,-0.047278278,-3.8440512,-0.59631304,0.49878037
1970-01-01 00:06:27,-0.068703479,-3.5996641,-0.51797534,0.48411184
1970-01-01 00:06:28,-0.068703479,-3.3700884,-0.38741253,0.44010625
1970-01-01 00:06:29,-0.047278278,-3.2367864,-0.45269394,0.44010625
1970-01-01 00:06:30,-0.090128681,-3.11089,-0.43963765,0.4107692
1970-01-01 00:06:31,-0.054420012,-2.9405596,-0.49186278,0.4107692
1970-01-01 00:06:32,-0.047278278,-2.5480592,-0.4788065,0.4107692
1970-01-01 00:06:33,-0.054420012,-2.0444737,-0.53103163,0.36676362
1970-01-01 00:06:34,-0.054420012,-1.5556996,-0.64853816,0.4107692
1970-01-01 00:06:35,-0.068703479,-1.1335764,-0.68770701,0.29342098
1970-01-01 00:06:36,-0.054420012,-0.88918938,-0.63548188,0.27875245
1970-01-01 00:06:37,-0.075845213,-0.70404766,-0.64853816,0.24941539
1970-01-01 00:06:38,-0.054420012,-0.49668894,-0.64853816,0.20540981
1970-01-01 00:06:39,-0.075845213,-0.28192455,-0.60936932,0.19074128
1970-01-01 00:06:40,-0.090128681,-0.037537483,-0.72687586,0.1467357
1970-01-01 00:06:41,-0.10441215,0.21425525,-0.70076329,0.1467357
1970-01-01 00:06:42,-0.082986947,0.31052894,-0.80521355,0.088061589
1970-01-01 00:06:43,-0.10441215,0.35496296,-0.79215727,0.044056006
1970-01-01 00:06:44,-0.10441215,0.3919913,-0.73993214,0.088061589
1970-01-01 00:06:45,-0.097270415,0.35496296,-0.67465073,0.088061589
1970-01-01 00:06:46,-0.10441215,0.36977429,-0.73993214,0.088061589
1970-01-01 00:06:47,-0.11869562,0.3919913,-0.7660447,0.088061589
1970-01-01 00:06:48,-0.12583735,0.41420831,-0.83132611,0.058724534
1970-01-01 00:06:49,-0.10441215,0.43642531,-0.89660752,0.014718951
1970-01-01 00:06:50,-0.12583735,0.43642531,-0.85743867,0.088061589
1970-01-01 00:06:51,-0.11155388,0.44383098,-0.83132611,0.10273012
1970-01-01 00:06:52,-0.13297908,0.42901964,-0.9096638,0.073393062
1970-01-01 00:06:53,-0.15440429,0.45864232,-0.92272008,0.088061589
1970-01-01 00:06:54,-0.14726255,0.48826499,-0.96188893,0.014718951
1970-01-01 00:06:55,-0.12583735,0.47345366,-0.97494521,0.10273012
1970-01-01 00:06:56,-0.03299481,0.47345366,-0.94883265,0.088061589
1970-01-01 00:06:57,-0.011569609,0.44383098,-0.97494521,0.16140423
1970-01-01 00:06:58,-0.19011295,0.48085932,-0.94883265,0.088061589
1970-01-01 00:06:59,-0.79001859,0.50307633,-0.92272008,0.088061589
1970-01-01 00:07:00,-1.6684519,0.54010467,-0.83132611,0.11739864
1970-01-01 00:07:01,-2.5254599,0.54751034,-0.80521355,0.088061589
1970-01-01 00:07:02,-3.168216,0.52529334,-0.89660752,0.088061589
1970-01-01 00:07:03,-3.6110035,0.52529334,-0.89660752,0.1467357
1970-01-01 00:07:04,-3.8752476,0.54010467,-0.93577637,0.19074128
1970-01-01 00:07:05,-4.0395075,0.56232168,-0.93577637,0.23474687
1970-01-01 00:07:06,-4.1466335,0.56972735,-0.79215727,0.35209509
1970-01-01 00:07:07,-4.1466335,0.59194435,-0.71381957,0.52811742
1970-01-01 00:07:08,-4.0323657,0.58453869,-0.58325675,0.86549356
1970-01-01 00:07:09,-3.8038303,0.56972735,-0.55714419,1.349555
1970-01-01 00:07:10,-3.5038774,0.58453869,-0.49186278,1.7749423
1970-01-01 00:07:11,-3.2324916,0.59935002,-0.43963765,2.1269869
1970-01-01 00:07:12,-2.9968143,0.61416136,-0.30907483,2.3470149
1970-01-01 00:07:13,-2.8825466,0.64378403,-0.26990599,2.5230372
1970-01-01 00:07:14,-2.7682789,0.64378403,-0.24379342,2.6110484
1970-01-01 00:07:15,-2.6682946,0.65859537,-0.23073714,2.5670428
1970-01-01 00:07:16,-2.4611843,0.66600104,-0.21768086,2.405689
1970-01-01 00:07:17,-2.1255228,0.68821805,-0.17851201,2.2883407
1970-01-01 00:07:18,-1.7327275,0.68081238,-0.061005477,2.2443352
1970-01-01 00:07:19,-1.3042234,0.74005773,-0.0087803496,2.3030093
1970-01-01 00:07:20,-0.96142021,0.72524639,-0.0087803496,2.2883407
1970-01-01 00:07:21,-0.71860126,0.74005773,-0.034892913,2.3616834
1970-01-01 00:07:22,-0.54005791,0.7474634,-0.0087803496,2.3910204
1970-01-01 00:07:23,-0.34008936,0.76227473,-0.034892913,2.3323463
1970-01-01 00:07:24,-0.15440429,0.81411441,0.043444778,2.2149981
1970-01-01 00:07:25,0.081272931,0.82152008,0.030388496,2.1269869
1970-01-01 00:07:26,0.23124934,0.84373709,0.030388496,2.2149981
1970-01-01 00:07:27,0.30266668,0.83633142,-0.021836632,2.4790316
1970-01-01 00:07:28,0.29552495,0.88076543,-0.034892913,2.5523742
1970-01-01 00:07:29,0.29552495,0.91038811,0.043444778,2.3910204
1970-01-01 00:07:30,0.28124148,0.94001078,0.082613624,1.9656331
1970-01-01 00:07:31,0.30266668,0.94741645,0.10872619,1.3055494
1970-01-01 00:07:32,0.31695015,0.99185046,0.069557342,0.68947123
1970-01-01 00:07:33,0.28838321,0.96963346,-0.021836632,0.20540981
1970-01-01 00:07:34,0.31695015,0.99185046,-0.034892913,0.058724534
1970-01-01 00:07:35,0.29552495,1.0659071,0.0042759323,-0.014618105
1970-01-01 00:07:36,0.34551708,1.0733128,-0.061005477,0.044056006
1970-01-01 00:07:37,0.33837535,1.1029355,-0.13934317,-0.058623688
1970-01-01 00:07:38,0.36694228,1.1103412,-0.15239945,-0.17597191
1970-01-01 00:07:39,0.35265882,1.1177468,-0.11323061,-0.20530896
1970-01-01 00:07:40,0.36694228,1.1621808,-0.047949195,-0.21997749
1970-01-01 00:07:41,0.36694228,1.2066149,-0.021836632,-0.23464602
1970-01-01 00:07:42,0.36694228,1.2214262,-0.047949195,-0.20530896
1970-01-01 00:07:43,0.37408402,1.2214262,-0.10017432,-0.23464602
1970-01-01 00:07:44,0.38122575,1.2436432,-0.15239945,-0.23464602
1970-01-01 00:07:45,0.36694228,1.2584545,-0.15239945,-0.2786516
1970-01-01 00:07:46,0.38836748,1.2732659,-0.12628689,-0.24931455
1970-01-01 00:07:47,0.40265095,1.3251056,-0.12628689,-0.17597191
1970-01-01 00:07:48,0.38122575,1.3176999,-0.15239945,-0.19064044
1970-01-01 00:07:49,0.38836748,1.3251056,-0.11323061,-0.20530896
1970-01-01 00:07:50,0.42407615,1.3325112,-0.13934317,-0.26398308
1970-01-01 00:07:51,0.40265095,1.3176999,-0.16545573,-0.23464602
1970-01-01 00:07:52,0.41693442,1.3473226,-0.12628689,-0.29332013
1970-01-01 00:07:53,0.47406829,1.3176999,-0.087118041,-0.26398308
1970-01-01 00:07:54,0.43121789,1.3176999,-0.12628689,-0.29332013
1970-01-01 00:07:55,0.45264309,1.3325112,-0.10017432,-0.33732571
1970-01-01 00:07:56,0.48121002,1.2806715,-0.0087803496,-0.33732571
1970-01-01 00:07:57,0.49549349,1.2362375,0.030388496,-0.35199424
1970-01-01 00:07:58,0.45978482,1.1992092,-0.061005477,-0.33732571
1970-01-01 00:07:59,0.47406829,1.1473695,-0.12628689,-0.32265719
1970-01-01 00:08:00,0.51691869,1.1177468,-0.16545573,-0.33732571
1970-01-01 00:08:01,0.54548563,1.0436901,-0.12628689,-0.33732571
1970-01-01 00:08:02,0.5597691,0.99185046,-0.10017432,-0.32265719
1970-01-01 00:08:03,0.50263523,0.93260511,-0.047949195,-0.32265719
1970-01-01 00:08:04,0.54548563,0.84373709,-0.16545573,-0.33732571
1970-01-01 00:08:05,0.54548563,0.7696804,-0.16545573,-0.36666277
1970-01-01 00:08:06,0.5811943,0.73265206,-0.11323061,-0.35199424
1970-01-01 00:08:07,0.5811943,0.6289727,-0.047949195,-0.45467394
1970-01-01 00:08:08,0.6026195,0.54751034,0.0042759323,-0.41066835
1970-01-01 00:08:09,0.61690297,0.48826499,0.05650106,-0.41066835
1970-01-01 00:08:10,0.63832817,0.44383098,0.030388496,-0.41066835
1970-01-01 00:08:11,0.65975337,0.38458563,-0.047949195,-0.41066835
1970-01-01 00:08:12,0.6454699,0.31793461,-0.12628689,-0.42533688
1970-01-01 00:08:13,0.68117857,0.24387793,-0.074061759,-0.44000541
1970-01-01 00:08:14,0.68117857,0.19944391,-0.074061759,-0.48401099
1970-01-01 00:08:15,0.73831244,0.16982124,0.0042759323,-0.45467394
1970-01-01 00:08:16,0.72402897,0.14019857,-0.047949195,-0.45467394
1970-01-01 00:08:17,0.70974551,0.11057589,-0.047949195,-0.51334805
1970-01-01 00:08:18,0.78830458,0.080953216,0.05650106,-0.49867952
1970-01-01 00:08:19,0.78830458,0.043924872,0.069557342,-0.55735363
1970-01-01 00:08:20,0.80972978,0.014302198,0.017332214,-0.55735363
1970-01-01 00:08:21,0.79544631,0.021707866,0.05650106,-0.52801657
1970-01-01 00:08:22,0.83115498,0.036519204,-0.0087803496,-0.55735363
1970-01-01 00:08:23,0.83829672,0.014302198,-0.034892913,-0.52801657
1970-01-01 00:08:24,0.86686365,-0.037537483,-0.021836632,-0.58669069
1970-01-01 00:08:25,0.86686365,-0.0079148084,-0.061005477,-0.60135921
1970-01-01 00:08:26,0.88828885,0.043924872,-0.034892913,-0.61602774
1970-01-01 00:08:27,0.88828885,0.006896529,0.017332214,-0.6453648
1970-01-01 00:08:28,0.91685579,-0.015320477,0.043444778,-0.6453648
1970-01-01 00:08:29,0.90971405,-0.0079148084,0.12178247,-0.60135921
1970-01-01 00:08:30,0.91685579,-0.022726146,0.29151413,-0.66003332
1970-01-01 00:08:31,0.91685579,-0.0079148084,0.43513324,-0.68937038
1970-01-01 00:08:32,0.95256446,0.006896529,0.40902067,-0.6453648
1970-01-01 00:08:33,0.93828099,0.014302198,0.22623273,-0.71870744
1970-01-01 00:08:34,0.94542272,0.014302198,0.25234529,-0.70403891
1970-01-01 00:08:35,0.96684792,-0.0079148084,0.26540157,-0.70403891
1970-01-01 00:08:36,0.94542272,0.021707866,0.35679554,-0.70403891
1970-01-01 00:08:37,0.93828099,0.029113535,0.47430208,-0.68937038
1970-01-01 00:08:38,0.91685579,0.029113535,0.47430208,-0.68937038
1970-01-01 00:08:39,0.92399752,0.029113535,0.47430208,-0.67470185
1970-01-01 00:08:40,0.90257232,0.036519204,0.4612458,-0.67470185
1970-01-01 00:08:41,0.87400538,-0.0079148084,0.43513324,-0.70403891
1970-01-01 00:08:42,0.81687151,0.006896529,0.51347093,-0.63069627
1970-01-01 00:08:43,0.80258805,0.080953216,0.48735836,-0.57202216
1970-01-01 00:08:44,0.77402111,0.021707866,0.39596439,-0.5426851
1970-01-01 00:08:45,0.70974551,0.006896529,0.21317644,-0.52801657
1970-01-01 00:08:46,0.6668951,0.006896529,0.095669906,-0.57202216
1970-01-01 00:08:47,0.6240447,0.029113535,0.082613624,-0.44000541
1970-01-01 00:08:48,0.5811943,0.051330541,0.095669906,-0.39599983
1970-01-01 00:08:49,0.55262736,0.029113535,0.095669906,-0.35199424
1970-01-01 00:08:50,0.48835176,0.006896529,0.095669906,-0.29332013
1970-01-01 00:08:51,0.42407615,0.036519204,0.10872619,-0.30798866
1970-01-01 00:08:52,0.36694228,0.029113535,0.05650106,-0.26398308
1970-01-01 00:08:53,0.33123361,0.021707866,0.13483875,-0.19064044
1970-01-01 00:08:54,0.26695801,0.014302198,0.10872619,-0.14663485
1970-01-01 00:08:55,0.22410761,0.006896529,0.043444778,-0.13196633
1970-01-01 00:08:56,0.159832,-0.030131814,-0.11323061,-0.073292216
1970-01-01 00:08:57,0.1169816,0.006896529,-0.23073714,-0.04395516
1970-01-01 00:08:58,0.066989463,-0.0079148084,-0.16545573,-0.014618105
1970-01-01 00:08:59,0.02413906,-0.015320477,-0.20462458,5.0423064e-05
1970-01-01 00:09:00,0.0027138588,-0.015320477,-0.13934317,0.073393062
1970-01-01 00:09:01,-0.068703479,-0.037537483,-0.1915683,-0.014618105
1970-01-01 00:09:02,-0.075845213,-0.037537483,-0.21768086,5.0423064e-05
1970-01-01 00:09:03,-0.090128681,-0.037537483,-0.12628689,5.0423064e-05
1970-01-01 00:09:04,-0.11155388,-0.059754489,-0.021836632,0.029387478
1970-01-01 00:09:05,-0.12583735,-0.022726146,-0.087118041,0.044056006
1970-01-01 00:09:06,-0.14012082,-0.015320477,-0.11323061,0.014718951
1970-01-01 00:09:07,-0.14726255,-0.05234882,-0.17851201,0.014718951
1970-01-01 00:09:08,-0.19725469,-0.030131814,-0.16545573,5.0423064e-05
1970-01-01 00:09:09,-0.19011295,-0.030131814,-0.17851201,0.029387478
1970-01-01 00:09:10,-0.16154602,-0.030131814,-0.16545573,0.058724534
1970-01-01 00:09:11,-0.21153816,-0.067160158,-0.1915683,0.044056006
1970-01-01 00:09:12,-0.21153816,-0.044943152,-0.1915683,0.029387478
1970-01-01 00:09:13,-0.22582162,-0.044943152,-0.16545573,5.0423064e-05
1970-01-01 00:09:14,-0.21153816,-0.030131814,-0.074061759,-0.014618105
1970-01-01 00:09:15,-0.21153816,-0.05234882,-0.074061759,5.0423064e-05
1970-01-01 00:09:16,-0.21867989,-0.059754489,-0.10017432,5.0423064e-05
1970-01-01 00:09:17,-0.22582162,-0.067160158,-0.047949195,-0.014618105
1970-01-01 00:09:18,-0.21867989,-0.05234882,0.017332214,-0.10262927
1970-01-01 00:09:19,-0.21153816,-0.05234882,-0.0087803496,-0.073292216
1970-01-01 00:09:20,-0.19725469,-0.05234882,-0.074061759,-0.029286632
1970-01-01 00:09:21,-0.19725469,-0.059754489,-0.047949195,-0.058623688
1970-01-01 00:09:22,-0.21867989,-0.067160158,0.082613624,5.0423064e-05
1970-01-01 00:09:23,-0.19011295,-0.074565826,0.22623273,-0.029286632
1970-01-01 00:09:24,-0.19725469,-0.067160158,0.44818952,-0.087960743
1970-01-01 00:09:25,-0.20439642,-0.067160158,0.85293426,-0.10262927
1970-01-01 00:09:26,-0.18297122,-0.059754489,1.3751855,-0.10262927
1970-01-01 00:09:27,-0.19725469,-0.074565826,1.8713242,-0.087960743
1970-01-01 00:09:28,-0.19011295,-0.074565826,2.0802248,-0.029286632
1970-01-01 00:09:29,-0.21867989,-0.074565826,2.2499564,-0.073292216
1970-01-01 00:09:30,-0.19725469,-0.081971495,2.367463,-0.04395516
1970-01-01 00:09:31,-0.21153816,-0.081971495,2.5110821,-0.073292216
1970-01-01 00:09:32,-0.22582162,-0.089377164,2.4458007,-0.087960743
1970-01-01 00:09:33,-0.22582162,-0.067160158,2.3413504,-0.04395516
1970-01-01 00:09:34,-0.24724682,-0.044943152,2.2499564,-0.04395516
1970-01-01 00:09:35,-0.23296336,-0.074565826,2.2891253,-0.10262927
1970-01-01 00:09:36,-0.24010509,-0.081971495,2.3021816,-0.1172978
1970-01-01 00:09:37,-0.23296336,-0.059754489,2.3021816,-0.014618105
1970-01-01 00:09:38,-0.24724682,-0.081971495,2.3413504,-0.04395516
1970-01-01 00:09:39,-0.26867203,-0.067160158,2.367463,-0.087960743
1970-01-01 00:09:40,-0.27581376,-0.074565826,2.276069,-0.014618105
1970-01-01 00:09:41,-0.28295549,-0.044943152,2.0671685,-0.014618105
1970-01-01 00:09:42,-0.26153029,-0.030131814,1.858268,5.0423064e-05
1970-01-01 00:09:43,-0.3043807,-0.00050913972,1.9104931,-0.014618105
1970-01-01 00:09:44,-0.29723896,0.006896529,2.2499564,-0.014618105
1970-01-01 00:09:45,-0.31152243,0.014302198,2.4588569,-0.029286632
1970-01-01 00:09:46,-0.3043807,0.029113535,2.2499564,-0.058623688
1970-01-01 00:09:47,-0.31866416,0.043924872,1.7799303,-0.014618105
1970-01-01 00:09:48,-0.34008936,0.073547547,1.1793413,-0.029286632
1970-01-01 00:09:49,-0.3472311,0.051330541,0.53958349,-0.014618105
1970-01-01 00:09:50,-0.3472311,0.051330541,0.13483875,0.073393062
1970-01-01 00:09:51,-0.34008936,0.05873621,0.05650106,0.014718951
1970-01-01 00:09:52,-0.36151457,0.043924872,0.069557342,0.029387478
1970-01-01 00:09:53,-0.3900815,0.021707866,0.095669906,5.0423064e-05
1970-01-01 00:09:54,-0.38293977,0.021707866,-0.061005477,-0.014618105
1970-01-01 00:09:55,-0.3686563,-0.022726146,-0.24379342,5.0423064e-05
1970-01-01 00:09:56,-0.3900815,-0.059754489,-0.37435624,0.073393062
1970-01-01 00:09:57,-0.3686563,-0.089377164,-0.36129996,0.088061589
1970-01-01 00:09:58,-0.3900815,-0.096782832,-0.34824368,5.0423064e-05
1970-01-01 00:09:59,-0.4115067,-0.096782832,-0.29601855,0.044056006
1970-01-01 00:10:00,-0.39722323,-0.13381118,-0.28296227,0.10273012
1970-01-01 00:10:01,-0.39722323,-0.1041885,-0.26990599,0.088061589
1970-01-01 00:10:02,-0.40436497,-0.096782832,-0.34824368,0.088061589
1970-01-01 00:10:03,-0.40436497,-0.14862251,-0.46575022,0.10273012
1970-01-01 00:10:04,-0.4115067,-0.13381118,-0.42658137,0.19074128
1970-01-01 00:10:05,-0.39722323,-0.14121684,-0.40046881,0.20540981
1970-01-01 00:10:06,-0.41864844,-0.15602818,-0.3351874,0.22007834
1970-01-01 00:10:07,-0.44007364,-0.11159417,-0.34824368,0.32275803
1970-01-01 00:10:08,-0.44721537,-0.13381118,-0.34824368,0.29342098
1970-01-01 00:10:09,-0.44721537,-0.11899984,-0.36129996,0.33742656
1970-01-01 00:10:10,-0.44007364,-0.11899984,-0.43963765,0.42543773
1970-01-01 00:10:11,-0.4329319,-0.12640551,-0.40046881,0.45477478
1970-01-01 00:10:12,-0.48292404,-0.13381118,-0.32213112,0.48411184
1970-01-01 00:10:13,-0.45435711,-0.13381118,-0.34824368,0.49878037
1970-01-01 00:10:14,-0.44007364,-0.096782832,-0.40046881,0.572123
1970-01-01 00:10:15,-0.44721537,-0.081971495,-0.42658137,0.572123
1970-01-01 00:10:16,-0.46864057,-0.096782832,-0.45269394,0.45477478
1970-01-01 00:10:17,-0.44721537,-0.1041885,-0.41352509,0.42543773
1970-01-01 00:10:18,-0.41864844,-0.096782832,-0.34824368,0.4107692
1970-01-01 00:10:19,-0.44007364,-0.089377164,-0.38741253,0.36676362
1970-01-01 00:10:20,-0.4329319,-0.11159417,-0.49186278,0.30808951
1970-01-01 00:10:21,-0.46864057,-0.11899984,-0.50491906,0.35209509
1970-01-01 00:10:22,-0.44721537,-0.1041885,-0.46575022,0.29342098
1970-01-01 00:10:23,-0.45435711,-0.11899984,-0.50491906,0.26408392
1970-01-01 00:10:24,-0.48292404,-0.12640551,-0.42658137,0.23474687
1970-01-01 00:10:25,-0.46149884,-0.11159417,-0.46575022,0.22007834
1970-01-01 00:10:26,-0.47578231,-0.1041885,-0.53103163,0.17607276
1970-01-01 00:10:27,-0.48292404,-0.096782832,-0.57020047,0.19074128
1970-01-01 00:10:28,-0.46864057,-0.11899984,-0.55714419,0.088061589
1970-01-01 00:10:29,-0.46864057,-0.11159417,-0.55714419,0.044056006
1970-01-01 00:10:30,-0.44721537,-0.11899984,-0.67465073,0.014718951
1970-01-01 00:10:31,-0.44007364,-0.11159417,-0.66159445,-0.058623688
1970-01-01 00:10:32,-0.40436497,-0.1041885,-0.6224256,-0.1172978
1970-01-01 00:10:33,-0.38293977,-0.1041885,-0.60936932,-0.17597191
1970-01-01 00:10:34,-0.33294763,-0.11159417,-0.54408791,-0.10262927
1970-01-01 00:10:35,-0.33294763,-0.16343385,-0.53103163,-0.16130338
1970-01-01 00:10:36,-0.3258059,-0.16343385,-0.72687586,-0.14663485
1970-01-01 00:10:37,-0.33294763,-0.16343385,-0.85743867,-0.14663485
1970-01-01 00:10:38,-0.31152243,-0.14862251,-0.80521355,-0.14663485
1970-01-01 00:10:39,-0.35437283,-0.00050913972,-0.77910098,-0.14663485
1970-01-01 00:10:40,-0.37579803,-0.00050913972,-0.72687586,-0.1172978
1970-01-01 00:10:41,-0.37579803,-0.29673589,-0.73993214,-0.13196633
1970-01-01 00:10:42,-0.37579803,-0.9780574,-0.84438239,-0.14663485
1970-01-01 00:10:43,-0.4329319,-1.881549,-0.92272008,-0.1172978
1970-01-01 00:10:44,-0.46149884,-2.6221159,-0.9096638,-0.14663485
1970-01-01 00:10:45,-0.47578231,-3.088673,-0.83132611,-0.1172978
1970-01-01 00:10:46,-0.46864057,-3.2960317,-0.83132611,-0.087960743
1970-01-01 00:10:47,-0.46149884,-3.3700884,-0.88355124,-0.087960743
1970-01-01 00:10:48,-0.48292404,-3.4441451,-0.87049496,-0.073292216
1970-01-01 00:10:49,-0.46864057,-3.4737677,-0.83132611,-0.10262927
1970-01-01 00:10:50,-0.47578231,-3.4811734,-0.94883265,-0.13196633
1970-01-01 00:10:51,-0.49720751,-3.4071167,-1.0010578,-0.073292216
1970-01-01 00:10:52,-0.50434924,-3.221975,-0.97494521,-0.087960743
1970-01-01 00:10:53,-0.51149098,-3.022022,-0.98800149,-0.10262927
1970-01-01 00:10:54,-0.51149098,-2.8516916,-0.94883265,-0.029286632
1970-01-01 00:10:55,-0.53291618,-2.6813612,-0.96188893,0.058724534
1970-01-01 00:10:56,-0.50434924,-2.6591442,-0.9096638,0.10273012
1970-01-01 00:10:57,-0.48292404,-2.5480592,-0.88355124,0.29342098
1970-01-01 00:10:58,-0.51149098,-2.3110778,-0.83132611,0.572123
1970-01-01 00:10:59,-0.49006577,-1.9407943,-0.81826983,0.9388362
1970-01-01 00:11:00,-0.48292404,-1.5112655,-0.7660447,1.4815717
1970-01-01 00:11:01,-0.51863271,-1.1113594,-0.68770701,2.0976499
1970-01-01 00:11:02,-0.52577444,-0.8373497,-0.67465073,2.6110484
1970-01-01 00:11:03,-0.50434924,-0.65220798,-0.73993214,2.9924301
1970-01-01 00:11:04,-0.54719964,-0.4818776,-0.67465073,3.1537839
1970-01-01 00:11:05,-0.52577444,-0.32635856,-0.58325675,3.3004692
1970-01-01 00:11:06,-0.49720751,-0.11159417,-0.46575022,3.2564636
1970-01-01 00:11:07,-0.52577444,0.05873621,-0.3351874,3.0511042
1970-01-01 00:11:08,-0.53291618,0.20684958,-0.25684971,2.8750819
1970-01-01 00:11:09,-0.52577444,0.31052894,-0.32213112,2.8164077
1970-01-01 00:11:10,-0.53291618,0.30312328,-0.26990599,2.8457448
1970-01-01 00:11:11,-0.51863271,0.31052894,-0.25684971,2.8604133
1970-01-01 00:11:12,-0.52577444,0.30312328,-0.16545573,2.9484245
1970-01-01 00:11:13,-0.51863271,0.29571761,-0.23073714,2.9924301
1970-01-01 00:11:14,-0.51863271,0.30312328,-0.16545573,2.9924301
1970-01-01 00:11:15,-0.51149098,0.33274595,-0.061005477,2.7137281
1970-01-01 00:11:16,-0.51149098,0.36236863,-0.021836632,2.5523742
1970-01-01 00:11:17,-0.54005791,0.34755729,-0.074061759,2.7283966
1970-01-01 00:11:18,-0.48292404,0.33274595,-0.061005477,3.0364357
1970-01-01 00:11:19,-0.52577444,0.36236863,-0.087118041,3.212458
1970-01-01 00:11:20,-0.50434924,0.36977429,-0.074061759,2.9924301
1970-01-01 00:11:21,-0.50434924,0.35496296,-0.10017432,2.3910204
1970-01-01 00:11:22,-0.52577444,0.35496296,-0.074061759,1.4522347
1970-01-01 00:11:23,-0.50434924,0.35496296,-0.021836632,0.68947123
1970-01-01 00:11:24,-0.50434924,0.36977429,0.030388496,0.044056006
1970-01-01 00:11:25,-0.53291618,0.40680264,-0.074061759,-0.073292216
1970-01-01 00:11:26,-0.56862485,0.37717996,-0.047949195,-0.14663485
1970-01-01 00:11:27,-0.49006577,0.38458563,-0.087118041,-0.26398308
1970-01-01 00:11:28,-0.40436497,0.39939697,-0.0087803496,-0.32265719
1970-01-01 00:11:29,-0.41864844,0.42161397,-0.0087803496,-0.44000541
1970-01-01 00:11:30,-0.79001859,0.39939697,-0.0087803496,-0.55735363
1970-01-01 00:11:31,-1.5327589,0.43642531,-0.13934317,-0.49867952
1970-01-01 00:11:32,-2.4326174,0.43642531,-0.16545573,-0.52801657
1970-01-01 00:11:33,-3.2396333,0.42901964,-0.12628689,-0.55735363
1970-01-01 00:11:34,-3.8252555,0.45864232,-0.13934317,-0.61602774
1970-01-01 00:11:35,-4.1394918,0.45123665,-0.11323061,-0.60135921
1970-01-01 00:11:36,-4.375169,0.47345366,-0.13934317,-0.57202216
1970-01-01 00:11:37,-4.4751532,0.47345366,-0.21768086,-0.60135921
1970-01-01 00:11:38,-4.5679958,0.46604799,-0.16545573,-0.63069627
1970-01-01 00:11:39,-4.5394288,0.51788767,-0.12628689,-0.6453648
1970-01-01 00:11:40,-4.375169,0.50307633,-0.13934317,-0.63069627
1970-01-01 00:11:41,-4.1180666,0.52529334,-0.17851201,-0.6453648
1970-01-01 00:11:42,-3.8609641,0.52529334,-0.20462458,-0.66003332
1970-01-01 00:11:43,-3.568153,0.54010467,-0.20462458,-0.71870744
1970-01-01 00:11:44,-3.382468,0.57713302,-0.10017432,-0.71870744
1970-01-01 00:11:45,-3.2896254,0.56972735,-0.11323061,-0.66003332
1970-01-01 00:11:46,-3.2039246,0.59194435,-0.16545573,-0.71870744
1970-01-01 00:11:47,-3.032523,0.58453869,-0.1915683,-0.70403891
1970-01-01 00:11:48,-2.711145,0.56232168,-0.26990599,-0.66003332
1970-01-01 00:11:49,-2.2897827,0.61416136,-0.26990599,-0.67470185
1970-01-01 00:11:50,-1.8184283,0.62156703,-0.24379342,-0.74804449
1970-01-01 00:11:51,-1.4399164,0.59935002,-0.26990599,-0.68937038
1970-01-01 00:11:52,-1.1399636,0.65859537,-0.20462458,-0.68937038
1970-01-01 00:11:53,-0.94713674,0.67340671,-0.25684971,-0.73337596
1970-01-01 00:11:54,-0.74716819,0.68081238,-0.21768086,-0.66003332
1970-01-01 00:11:55,-0.55434138,0.70302938,-0.24379342,-0.73337596
1970-01-01 00:11:56,-0.34008936,0.71043505,-0.17851201,-0.8067186
1970-01-01 00:11:57,-0.19725469,0.75486907,-0.11323061,-0.77738155
1970-01-01 00:11:58,-0.054420012,0.75486907,-0.074061759,-0.8067186
1970-01-01 00:11:59,-0.011569609,0.76227473,-0.13934317,-0.76271302
1970-01-01 00:12:00,0.0027138588,0.78449174,-0.1915683,-0.77738155
1970-01-01 00:12:01,-0.011569609,0.79930308,-0.1915683,-0.79205007
1970-01-01 00:12:02,-0.040136544,0.82152008,-0.21768086,-0.8067186
1970-01-01 00:12:03,0.0027138588,0.83633142,-0.21768086,-0.8067186
1970-01-01 00:12:04,-0.004427875,0.85114276,-0.16545573,-0.85072418
1970-01-01 00:12:05,0.0098555927,0.88076543,-0.23073714,-0.85072418
1970-01-01 00:12:06,0.016997326,0.89557677,-0.24379342,-0.82138713
1970-01-01 00:12:07,0.031280794,0.92519944,-0.21768086,-0.89472977
1970-01-01 00:12:08,0.031280794,0.94741645,-0.1915683,-0.92406682
1970-01-01 00:12:09,0.031280794,0.95482212,-0.15239945,-0.98274093
1970-01-01 00:12:10,0.059847729,0.99925613,-0.10017432,-0.92406682
1970-01-01 00:12:11,0.045564262,0.98444479,-0.11323061,-0.93873535
1970-01-01 00:12:12,0.074131197,0.96963346,-0.15239945,-0.98274093
1970-01-01 00:12:13,0.088414665,1.0066618,-0.17851201,-1.041415
1970-01-01 00:12:14,0.10983987,1.0066618,-0.23073714,-1.0267465
1970-01-01 00:12:15,0.1169816,1.0140675,-0.17851201,-1.1147577
1970-01-01 00:12:16,0.095556398,1.0362845,-0.15239945,-1.0560836
1970-01-01 00:12:17,0.15269027,1.0140675,-0.10017432,-1.0707521
1970-01-01 00:12:18,0.14554854,1.0436901,-0.087118041,-1.0560836
1970-01-01 00:12:19,0.16697374,1.0585015,-0.074061759,-1.1000892
1970-01-01 00:12:20,0.15269027,1.0214731,-0.0087803496,-1.0854206
1970-01-01 00:12:21,0.16697374,0.99185046,0.043444778,-1.0854206
1970-01-01 00:12:22,0.1812572,0.99925613,0.043444778,-1.1000892
1970-01-01 00:12:23,0.20982414,0.96963346,0.12178247,-1.1440947
1970-01-01 00:12:24,0.23124934,0.91779378,0.21317644,-1.1147577
1970-01-01 00:12:25,0.24553281,0.93260511,0.25234529,-1.1440947
1970-01-01 00:12:26,0.23124934,0.87335976,0.25234529,-1.1000892
1970-01-01 00:12:27,0.25981628,0.82152008,0.23928901,-1.1147577
1970-01-01 00:12:28,0.23839107,0.77708607,0.27845785,-1.1000892
1970-01-01 00:12:29,0.25981628,0.72524639,0.33068298,-1.1000892
1970-01-01 00:12:30,0.24553281,0.69562372,0.48735836,-1.1294262
1970-01-01 00:12:31,0.26695801,0.6511897,0.44818952,-1.1147577
1970-01-01 00:12:32,0.27409974,0.58453869,0.44818952,-1.0560836
1970-01-01 00:12:33,0.28124148,0.532699,0.30457042,-1.0707521
1970-01-01 00:12:34,0.33123361,0.49567066,0.21317644,-1.012078
1970-01-01 00:12:35,0.34551708,0.45123665,0.1740076,-1.012078
1970-01-01 00:12:36,0.32409188,0.3919913,0.16095132,-0.95340388
1970-01-01 00:12:37,0.35980055,0.31793461,0.1740076,-0.92406682
1970-01-01 00:12:38,0.39550922,0.30312328,0.20012016,-0.82138713
1970-01-01 00:12:39,0.36694228,0.20684958,0.16095132,-0.74804449
1970-01-01 00:12:40,0.41693442,0.18463258,0.14789503,-0.73337596
1970-01-01 00:12:41,0.41693442,0.14019857,0.082613624,-0.74804449
1970-01-01 00:12:42,0.43835962,0.14019857,0.082613624,-0.68937038
1970-01-01 00:12:43,0.46692656,0.10317022,0.017332214,-0.5426851
1970-01-01 00:12:44,0.50263523,0.073547547,0.030388496,-0.51334805
1970-01-01 00:12:45,0.53120216,0.05873621,0.017332214,-0.48401099
1970-01-01 00:12:46,0.50977696,0.051330541,-0.0087803496,-0.3813313
1970-01-01 00:12:47,0.52406043,0.05873621,-0.047949195,-0.33732571
1970-01-01 00:12:48,0.57405256,0.029113535,-0.061005477,-0.2786516
1970-01-01 00:12:49,0.5811943,0.021707866,-0.12628689,-0.23464602
1970-01-01 00:12:50,0.59547777,-0.00050913972,-0.23073714,-0.24931455
1970-01-01 00:12:51,0.6240447,-0.00050913972,-0.23073714,-0.26398308
1970-01-01 00:12:52,0.63118643,-0.0079148084,-0.28296227,-0.24931455
1970-01-01 00:12:53,0.63832817,-0.00050913972,-0.28296227,-0.21997749
1970-01-01 00:12:54,0.67403684,0.006896529,-0.21768086,-0.19064044
1970-01-01 00:12:55,0.65975337,-0.030131814,-0.1915683,-0.16130338
1970-01-01 00:12:56,0.70974551,0.014302198,-0.15239945,-0.16130338
1970-01-01 00:12:57,0.70260377,0.014302198,-0.12628689,-0.23464602
1970-01-01 00:12:58,0.73831244,0.043924872,-0.061005477,-0.2786516
1970-01-01 00:12:59,0.75259591,0.006896529,-0.047949195,-0.2786516
1970-01-01 00:13:00,0.77402111,-0.015320477,-0.087118041,-0.17597191
1970-01-01 00:13:01,0.75973764,0.029113535,-0.15239945,-0.17597191
1970-01-01 00:13:02,0.76687938,0.021707866,-0.23073714,-0.23464602
1970-01-01 00:13:03,0.78830458,0.021707866,-0.23073714,-0.29332013
1970-01-01 00:13:04,0.79544631,0.029113535,-0.20462458,-0.2786516
1970-01-01 00:13:05,0.82401325,0.021707866,-0.21768086,-0.24931455
1970-01-01 00:13:06,0.80258805,0.014302198,-0.16545573,-0.29332013
1970-01-01 00:13:07,0.79544631,0.014302198,-0.12628689,-0.24931455
1970-01-01 00:13:08,0.80972978,0.043924872,-0.11323061,-0.35199424
1970-01-01 00:13:09,0.80972978,0.043924872,-0.047949195,-0.32265719
1970-01-01 00:13:10,0.79544631,0.014302198,0.0042759323,-0.32265719
1970-01-01 00:13:11,0.78830458,0.014302198,-0.021836632,-0.30798866
1970-01-01 00:13:12,0.75973764,0.014302198,-0.074061759,-0.2786516
1970-01-01 00:13:13,0.71688724,0.036519204,-0.12628689,-0.30798866
1970-01-01 00:13:14,0.68832031,0.014302198,-0.034892913,-0.33732571
1970-01-01 00:13:15,0.65975337,0.021707866,0.12178247,-0.36666277
1970-01-01 00:13:16,0.61690297,-0.00050913972,0.38290811,-0.33732571
1970-01-01 00:13:17,0.55262736,-0.00050913972,0.67014631,-0.32265719
1970-01-01 00:13:18,0.51691869,-0.00050913972,1.1532287,-0.36666277
1970-01-01 00:13:19,0.51691869,-0.015320477,1.7929866,-0.29332013
1970-01-01 00:13:20,0.43835962,0.014302198,2.3544067,-0.30798866
1970-01-01 00:13:21,0.36694228,-0.00050913972,2.7983203,-0.30798866
1970-01-01 00:13:22,0.31695015,0.006896529,3.0463896,-0.32265719
1970-01-01 00:13:23,0.23839107,-0.0079148084,3.1638962,-0.26398308
1970-01-01 00:13:24,0.23839107,-0.00050913972,3.1638962,-0.30798866
1970-01-01 00:13:25,0.17411547,0.006896529,3.0594459,-0.35199424
1970-01-01 00:13:26,0.088414665,-0.00050913972,2.7460951,-0.32265719
1970-01-01 00:13:27,0.031280794,0.006896529,2.5763635,-0.30798866
1970-01-01 00:13:28,0.031280794,-0.037537483,2.6416449,-0.20530896
1970-01-01 00:13:29,-0.040136544,-0.015320477,2.785264,-0.20530896
1970-01-01 00:13:30,-0.082986947,-0.015320477,2.8244328,-0.17597191
1970-01-01 00:13:31,-0.11869562,-0.00050913972,2.8505454,-0.23464602
1970-01-01 00:13:32,-0.15440429,-0.0079148084,2.7460951,-0.24931455
1970-01-01 00:13:33,-0.18297122,-0.015320477,2.5763635,-0.23464602
1970-01-01 00:13:34,-0.20439642,-0.05234882,2.3544067,-0.20530896
1970-01-01 00:13:35,-0.22582162,-0.015320477,2.2499564,-0.21997749
1970-01-01 00:13:36,-0.26153029,-0.022726146,2.3935755,-0.26398308
1970-01-01 00:13:37,-0.26867203,-0.037537483,2.7460951,-0.29332013
1970-01-01 00:13:38,-0.27581376,-0.037537483,2.8897142,-0.24931455
1970-01-01 00:13:39,-0.28295549,-0.030131814,2.6808137,-0.26398308
1970-01-01 00:13:40,-0.29723896,-0.030131814,2.0018871,-0.16130338
1970-01-01 00:13:41,-0.29009723,-0.015320477,1.1401725,-0.17597191
1970-01-01 00:13:42,-0.31866416,-0.037537483,0.40902067,-0.14663485
1970-01-01 00:13:43,-0.31152243,-0.044943152,0.043444778,-0.20530896
1970-01-01 00:13:44,-0.33294763,-0.037537483,-0.021836632,-0.14663485
1970-01-01 00:13:45,-0.34008936,-0.044943152,-0.11323061,-0.20530896
1970-01-01 00:13:46,-0.31152243,-0.044943152,-0.24379342,-0.23464602
1970-01-01 00:13:47,-0.31866416,-0.022726146,-0.32213112,-0.20530896
1970-01-01 00:13:48,-0.33294763,-0.044943152,-0.36129996,-0.20530896
1970-01-01 00:13:49,-0.3043807,-0.05234882,-0.37435624,-0.13196633
1970-01-01 00:13:50,-0.31152243,-0.030131814,-0.41352509,-0.14663485
1970-01-01 00:13:51,-0.28295549,-0.074565826,-0.51797534,-0.19064044
1970-01-01 00:13:52,-0.3043807,-0.059754489,-0.60936932,-0.16130338
1970-01-01 00:13:53,-0.29723896,-0.059754489,-0.59631304,-0.16130338
1970-01-01 00:13:54,-0.29723896,-0.074565826,-0.51797534,-0.13196633
1970-01-01 00:13:55,-0.27581376,-0.089377164,-0.55714419,-0.073292216
1970-01-01 00:13:56,-0.29009723,-0.037537483,-0.49186278,0.029387478
1970-01-01 00:13:57,-0.24724682,-0.059754489,-0.53103163,0.088061589
1970-01-01 00:13:58,-0.26867203,-0.05234882,-0.57020047,0.073393062
1970-01-01 00:13:59,-0.24724682,-0.089377164,-0.60936932,0.088061589
1970-01-01 00:14:00,-0.24724682,-0.067160158,-0.6224256,0.13206717
1970-01-01 00:14:01,-0.26867203,-0.044943152,-0.54408791,0.22007834
1970-01-01 00:14:02,-0.27581376,-0.074565826,-0.59631304,0.27875245
1970-01-01 00:14:03,-0.28295549,-0.081971495,-0.59631304,0.33742656
1970-01-01 00:14:04,-0.25438856,-0.089377164,-0.55714419,0.36676362
1970-01-01 00:14:05,-0.27581376,-0.1041885,-0.49186278,0.4107692
1970-01-01 00:14:06,-0.26867203,-0.074565826,-0.55714419,0.42543773
1970-01-01 00:14:07,-0.27581376,-0.067160158,-0.54408791,0.45477478
1970-01-01 00:14:08,-0.29723896,-0.096782832,-0.58325675,0.42543773
1970-01-01 00:14:09,-0.31152243,-0.096782832,-0.6224256,0.27875245
1970-01-01 00:14:10,-0.29723896,-0.067160158,-0.71381957,0.22007834
1970-01-01 00:14:11,-0.29009723,-0.044943152,-0.68770701,0.20540981
1970-01-01 00:14:12,-0.31152243,-0.067160158,-0.68770701,0.19074128
1970-01-01 00:14:13,-0.31152243,-0.022726146,-0.63548188,0.20540981
1970-01-01 00:14:14,-0.31866416,-0.022726146,-0.60936932,0.1467357
1970-01-01 00:14:15,-0.31152243,-0.022726146,-0.58325675,0.10273012
1970-01-01 00:14:16,-0.33294763,0.029113535,-0.6224256,0.058724534
1970-01-01 00:14:17,-0.31866416,0.043924872,-0.63548188,0.058724534
1970-01-01 00:14:18,-0.35437283,0.051330541,-0.57020047,0.088061589
1970-01-01 00:14:19,-0.34008936,0.014302198,-0.54408791,0.058724534
1970-01-01 00:14:20,-0.36151457,0.029113535,-0.68770701,-0.014618105
1970-01-01 00:14:21,-0.38293977,0.014302198,-0.77910098,-0.058623688
1970-01-01 00:14:22,-0.3686563,0.029113535,-0.81826983,-0.14663485
1970-01-01 00:14:23,-0.3472311,-0.0079148084,-0.83132611,-0.21997749
1970-01-01 00:14:24,-0.35437283,-0.030131814,-0.80521355,-0.19064044
1970-01-01 00:14:25,-0.3472311,-0.059754489,-0.71381957,-0.21997749
1970-01-01 00:14:26,-0.3686563,-0.096782832,-0.72687586,-0.24931455
1970-01-01 00:14:27,-0.37579803,-0.096782832,-0.80521355,-0.26398308
1970-01-01 00:14:28,-0.39722323,-0.059754489,-0.9096638,-0.2786516
1970-01-01 00:14:29,-0.3686563,-0.081971495,-0.96188893,-0.2786516
1970-01-01 00:14:30,-0.35437283,-0.089377164,-0.93577637,-0.23464602
1970-01-01 00:14:31,-0.36151457,-0.11159417,-1.0010578,-0.23464602
1970-01-01 00:14:32,-0.3900815,-0.11899984,-0.98800149,-0.21997749
1970-01-01 00:14:33,-0.37579803,-0.12640551,-1.0271703,-0.2786516
1970-01-01 00:14:34,-0.3686563,-0.14121684,-0.97494521,-0.26398308
1970-01-01 00:14:35,-0.39722323,-0.14121684,-0.96188893,-0.24931455
1970-01-01 00:14:36,-0.39722323,-0.11899984,-1.0141141,-0.17597191
1970-01-01 00:14:37,-0.38293977,-0.11159417,-1.0924517,-0.24931455
1970-01-01 00:14:38,-0.39722323,-0.1041885,-1.1185643,-0.24931455
1970-01-01 00:14:39,-0.37579803,-0.11159417,-1.0010578,-0.23464602
1970-01-01 00:14:40,-0.37579803,-0.074565826,-0.94883265,-0.23464602
1970-01-01 00:14:41,-0.38293977,-0.11159417,-1.0141141,-0.17597191
1970-01-01 00:14:42,-0.3686563,-0.1041885,-1.1446769,-0.20530896
1970-01-01 00:14:43,-0.3900815,-0.1041885,-1.196902,-0.16130338
1970-01-01 00:14:44,-0.3472311,-0.096782832,-1.1577332,-0.14663485
1970-01-01 00:14:45,-0.38293977,-0.13381118,-1.0924517,-0.13196633
1970-01-01 00:14:46,-0.35437283,-0.11159417,-1.0532829,-0.10262927
1970-01-01 00:14:47,-0.36151457,-0.096782832,-1.0402266,-0.014618105
1970-01-01 00:14:48,-0.37579803,-0.11899984,-1.0141141,0.044056006
1970-01-01 00:14:49,-0.35437283,-0.13381118,-1.0010578,0.20540981
1970-01-01 00:14:50,-0.37579803,-0.1041885,-0.94883265,0.35209509
1970-01-01 00:14:51,-0.37579803,-0.11899984,-1.0010578,0.77748239
1970-01-01 00:14:52,-0.38293977,-0.13381118,-1.0532829,1.3348864
1970-01-01 00:14:53,-0.3686563,-0.11899984,-1.0141141,2.0829814
1970-01-01 00:14:54,-0.37579803,-0.1041885,-0.92272008,2.6257169
1970-01-01 00:14:55,-0.3900815,-0.11899984,-0.80521355,3.0070986
1970-01-01 00:14:56,-0.3686563,-0.11899984,-0.83132611,3.3004692
1970-01-01 00:14:57,-0.35437283,-0.11899984,-0.81826983,3.5204971
1970-01-01 00:14:58,-0.36151457,-0.14862251,-0.79215727,3.5791712
1970-01-01 00:14:59,-0.34008936,-0.1041885,-0.72687586,3.4471544
1970-01-01 00:15:00,-0.31866416,-0.096782832,-0.6224256,3.1684524
1970-01-01 00:15:01,-0.29009723,-0.074565826,-0.55714419,3.0364357
1970-01-01 00:15:02,-0.26867203,-0.11159417,-0.42658137,2.9777615
1970-01-01 00:15:03,-0.21867989,-0.1041885,-0.41352509,3.0364357
1970-01-01 00:15:04,-0.21867989,-0.11159417,-0.40046881,3.1244468
1970-01-01 00:15:05,-0.18297122,-0.13381118,-0.38741253,3.2564636
1970-01-01 00:15:06,-0.19011295,-0.15602818,-0.43963765,3.241795
1970-01-01 00:15:07,-0.18297122,-0.096782832,-0.38741253,3.1244468
1970-01-01 00:15:08,-0.17582949,0.021707866,-0.41352509,2.8897504
1970-01-01 00:15:09,-0.22582162,0.036519204,-0.34824368,2.8017392
1970-01-01 00:15:10,-0.19725469,-0.17083952,-0.23073714,2.9924301
1970-01-01 00:15:11,-0.23296336,-0.67442499,-0.13934317,3.4178174
1970-01-01 00:15:12,-0.25438856,-1.4001805,-0.061005477,3.461823
1970-01-01 00:15:13,-0.29723896,-1.9778227,-0.087118041,3.0364357
1970-01-01 00:15:14,-0.31866416,-2.3555118,-0.20462458,2.2883407
1970-01-01 00:15:15,-0.31152243,-2.5628705,-0.21768086,1.349555
1970-01-01 00:15:16,-0.3043807,-2.6369272,-0.20462458,0.49878037
1970-01-01 00:15:17,-0.31866416,-2.6813612,-0.16545573,0.029387478
1970-01-01 00:15:18,-0.31866416,-2.6369272,-0.1915683,-0.10262927
1970-01-01 00:15:19,-0.33294763,-2.6887669,-0.1915683,-0.17597191
1970-01-01 00:15:20,-0.3472311,-2.6073045,-0.11323061,-0.30798866
1970-01-01 00:15:21,-0.33294763,-2.4962195,-0.15239945,-0.41066835
1970-01-01 00:15:22,-0.3472311,-2.3407004,-0.23073714,-0.44000541
1970-01-01 00:15:23,-0.34008936,-2.1555587,-0.29601855,-0.45467394
1970-01-01 00:15:24,-0.36151457,-2.0666907,-0.32213112,-0.60135921
1970-01-01 00:15:25,-0.3258059,-2.0074454,-0.23073714,-0.57202216
1970-01-01 00:15:26,-0.34008936,-1.925983,-0.12628689,-0.55735363
1970-01-01 00:15:27,-0.31866416,-1.7186243,-0.074061759,-0.55735363
1970-01-01 00:15:28,-0.3043807,-1.4372089,-0.087118041,-0.58669069
1970-01-01 00:15:29,-0.31152243,-1.1780105,-0.17851201,-0.60135921
1970-01-01 00:15:30,-0.34008936,-0.88918938,-0.25684971,-0.61602774
1970-01-01 00:15:31,-0.3043807,-0.66701932,-0.25684971,-0.6453648
1970-01-01 00:15:32,-0.31152243,-0.54852862,-0.1915683,-0.63069627
1970-01-01 00:15:33,-0.3258059,-0.45225493,-0.21768086,-0.61602774
1970-01-01 00:15:34,-0.33294763,-0.28933022,-0.28296227,-0.60135921
1970-01-01 00:15:35,-0.33294763,-0.11899984,-0.20462458,-0.61602774
1970-01-01 00:15:36,-0.34008936,0.029113535,-0.24379342,-0.67470185
1970-01-01 00:15:37,-0.36151457,0.16241557,-0.32213112,-0.70403891
1970-01-01 00:15:38,-0.36151457,0.24387793,-0.43963765,-0.58669069
1970-01-01 00:15:39,-0.31866416,0.22906659,-0.3351874,-0.6453648
1970-01-01 00:15:40,-0.29723896,0.25868926,-0.26990599,-0.70403891
1970-01-01 00:15:41,-0.31152243,0.2512836,-0.1915683,-0.66003332
1970-01-01 00:15:42,-0.31866416,0.22906659,-0.17851201,-0.70403891
1970-01-01 00:15:43,-0.31152243,0.23647226,-0.20462458,-0.68937038
1970-01-01 00:15:44,-0.3258059,0.2512836,-0.24379342,-0.67470185
1970-01-01 00:15:45,-0.31152243,0.26609493,-0.20462458,-0.67470185
1970-01-01 00:15:46,-0.31152243,0.25868926,-0.12628689,-0.70403891
1970-01-01 00:15:47,-0.31152243,0.2735006,-0.20462458,-0.73337596
1970-01-01 00:15:48,-0.31152243,0.28090627,-0.23073714,-0.73337596
1970-01-01 00:15:49,-0.31866416,0.28090627,-0.21768086,-0.71870744
1970-01-01 00:15:50,-0.31152243,0.28090627,-0.28296227,-0.79205007
1970-01-01 00:15:51,-0.3258059,0.28831194,-0.29601855,-0.73337596
1970-01-01 00:15:52,-0.34008936,0.32534028,-0.34824368,-0.74804449
1970-01-01 00:15:53,-0.33294763,0.28090627,-0.28296227,-0.82138713
1970-01-01 00:15:54,-0.38293977,0.31052894,-0.20462458,-0.83605566
1970-01-01 00:15:55,-0.3472311,0.32534028,-0.16545573,-0.79205007
1970-01-01 00:15:56,-0.3258059,0.33274595,-0.021836632,-0.79205007
1970-01-01 00:15:57,-0.24724682,0.31793461,-0.074061759,-0.86539271
1970-01-01 00:15:58,-0.20439642,0.32534028,-0.1915683,-0.88006124
1970-01-01 00:15:59,-0.36151457,0.33274595,-0.25684971,-0.89472977
1970-01-01 00:16:00,-0.91142807,0.34755729,-0.21768086,-0.9093983
1970-01-01 00:16:01,-1.82557,0.35496296,-0.16545573,-0.9093983
1970-01-01 00:16:02,-2.7397119,0.35496296,-0.16545573,-0.9093983
1970-01-01 00:16:03,-3.461027,0.36236863,-0.25684971,-0.96807241
1970-01-01 00:16:04,-3.9252397,0.39939697,-0.21768086,-1.0267465
1970-01-01 00:16:05,-4.2251926,0.39939697,-0.12628689,-1.0267465
1970-01-01 00:16:06,-4.4037359,0.41420831,-0.10017432,-0.99740946
1970-01-01 00:16:07,-4.5037202,0.42901964,-0.17851201,-1.0560836
1970-01-01 00:16:08,-4.5180036,0.40680264,-0.20462458,-1.0707521
1970-01-01 00:16:09,-4.3965942,0.42901964,-0.23073714,-1.0854206
1970-01-01 00:16:10,-4.1680587,0.45864232,-0.17851201,-1.0854206
1970-01-01 00:16:11,-3.8609641,0.45123665,-0.074061759,-1.1440947
1970-01-01 00:16:12,-3.5610113,0.45864232,0.05650106,-1.0707521
1970-01-01 00:16:13,-3.3467593,0.44383098,0.13483875,-1.1000892
1970-01-01 00:16:14,-3.2110664,0.50307633,0.14789503,-1.1294262
1970-01-01 00:16:15,-3.0967986,0.49567066,0.10872619,-1.1881003
1970-01-01 00:16:16,-2.9611057,0.510482,0.20012016,-1.1147577
1970-01-01 00:16:17,-2.6682946,0.51788767,0.20012016,-1.1881003
1970-01-01 00:16:18,-2.2397906,0.510482,0.21317644,-1.0560836
1970-01-01 00:16:19,-1.7827196,0.532699,0.3176267,-1.1734318
1970-01-01 00:16:20,-1.3542156,0.54010467,0.44818952,-1.1147577
1970-01-01 00:16:21,-1.047121,0.55491601,0.42207695,-1.1587633
1970-01-01 00:16:22,-0.79001859,0.56972735,0.29151413,-1.1440947
1970-01-01 00:16:23,-0.60433352,0.59935002,0.13483875,-1.1294262
1970-01-01 00:16:24,-0.41864844,0.59935002,0.05650106,-1.0854206
1970-01-01 00:16:25,-0.13297908,0.61416136,0.0042759323,-1.1881003
1970-01-01 00:16:26,0.052705996,0.6511897,0.095669906,-1.1440947
1970-01-01 00:16:27,0.20268241,0.62156703,0.1740076,-1.0854206
1970-01-01 00:16:28,0.28838321,0.67340671,0.23928901,-1.012078
1970-01-01 00:16:29,0.27409974,0.68081238,0.1740076,-0.98274093
1970-01-01 00:16:30,0.26695801,0.68081238,0.10872619,-0.92406682
1970-01-01 00:16:31,0.23124934,0.71784072,0.095669906,-0.86539271
1970-01-01 00:16:32,0.26695801,0.7696804,0.030388496,-0.77738155
1970-01-01 00:16:33,0.25981628,0.75486907,-0.10017432,-0.71870744
1970-01-01 00:16:34,0.28124148,0.74005773,-0.12628689,-0.61602774
1970-01-01 00:16:35,0.30266668,0.79189741,-0.15239945,-0.57202216
1970-01-01 00:16:36,0.32409188,0.78449174,-0.16545573,-0.55735363
1970-01-01 00:16:37,0.32409188,0.79189741,-0.16545573,-0.52801657
1970-01-01 00:16:38,0.31695015,0.82152008,-0.11323061,-0.46934246
1970-01-01 00:16:39,0.35265882,0.84373709,-0.074061759,-0.41066835
